description,title,result_code,result_id,Topic,input_text
The protocol for crop cut surveys provides a guide to researchers and users a step-by-step process to conduct a crop cut survey in the field and calculation of the crop cut harvest.,Protocol for Crop Cut Surveys,6752,13259,-1,Protocol for Crop Cut Surveys The protocol for crop cut surveys provides a guide to researchers and users a step-by-step process to conduct a crop cut survey in the field and calculation of the crop cut harvest.
"The no-till seeder machinery has been developed to support Morocco's national plan of having one million hectares of farming land under Conservation Agriculture practices by 2030 (Generation Green 2020-2030). Developed from a local prototype by an ICARDA, INRA and local manufacturer team, using technology imported from dryland farming machinery in Australia, the no-till (zero tillage) seeder allows smallholder farmers in Morocco to sow seeds directly into the soil (direct seed) without causing any mechanical modification of the soil structure. No-till practices are expected to improve the resilience of dryland smallholder farmers by reducing soil erosion and increasing the amount of carbon dioxide, water, and organic matter retained in the soil.",No-till seeder adapted in public-private partnership to Moroccan crops and soil types for Moroccan smallholder farmers to practice zero tillage Conservation Agriculture,6587,13252,50,"No-till seeder adapted in public-private partnership to Moroccan crops and soil types for Moroccan smallholder farmers to practice zero tillage Conservation Agriculture The no-till seeder machinery has been developed to support Morocco's national plan of having one million hectares of farming land under Conservation Agriculture practices by 2030 (Generation Green 2020-2030). Developed from a local prototype by an ICARDA, INRA and local manufacturer team, using technology imported from dryland farming machinery in Australia, the no-till (zero tillage) seeder allows smallholder farmers in Morocco to sow seeds directly into the soil (direct seed) without causing any mechanical modification of the soil structure. No-till practices are expected to improve the resilience of dryland smallholder farmers by reducing soil erosion and increasing the amount of carbon dioxide, water, and organic matter retained in the soil."
The Standard Operating procedures provides the step-by-step guide for the determination of the minimum number of plants and the minimum area to be harvested for correct crop yield determinations and calculation procedures for these parameters.,Determination of the minimum number of plants and the area to be harvested for correct crop yield,6579,13251,-1,Determination of the minimum number of plants and the area to be harvested for correct crop yield The Standard Operating procedures provides the step-by-step guide for the determination of the minimum number of plants and the minimum area to be harvested for correct crop yield determinations and calculation procedures for these parameters.
"Accurate measurement of crop cultivated area and corresponding field boundary is essential for assessing various _x000D_
agronomic key performance indicators (KPIs), including yield, profitability and resource use efficiency. In the past, _x000D_
household surveys have relied heavily on farmer-reported plot areas. However, it has been frequently noted that _x000D_
farmer-reported plot area is often inaccurate for various reasons. In addition, field boundary information — which is _x000D_
crucial for various agronomic analytics purposes — is rarely available. Here, we describe the procedure for a global _x000D_
positioning system (GPS)–based field area measurement using a smartphone/tablet application._x000D_
_x000D_
The Standard Operating procedures provides the step-by-step guide to researchers and extensionists  for field boundary delineation and cropped area measurement and calculation procedures for these parameters using an app.",Field boundary delineation and cropped area measurement: Standard operating procedures for agronomic gain assessments in field trials developed for researchers and extensionistss,6571,13249,20,"Field boundary delineation and cropped area measurement: Standard operating procedures for agronomic gain assessments in field trials developed for researchers and extensionistss Accurate measurement of crop cultivated area and corresponding field boundary is essential for assessing various _x000D_
agronomic key performance indicators (KPIs), including yield, profitability and resource use efficiency. In the past, _x000D_
household surveys have relied heavily on farmer-reported plot areas. However, it has been frequently noted that _x000D_
farmer-reported plot area is often inaccurate for various reasons. In addition, field boundary information — which is _x000D_
crucial for various agronomic analytics purposes — is rarely available. Here, we describe the procedure for a global _x000D_
positioning system (GPS)–based field area measurement using a smartphone/tablet application._x000D_
_x000D_
The Standard Operating procedures provides the step-by-step guide to researchers and extensionists  for field boundary delineation and cropped area measurement and calculation procedures for these parameters using an app."
"The Standard Operating procedures provides the step-by-step guide for soil sampling, handling and storage for soil, biological and physical properties and calculation procedures for these parameters.","Soil sampling (disturbed and undisturbed), handling and storage for soil chemical, biological and physical properties",6569,13248,-1,"Soil sampling (disturbed and undisturbed), handling and storage for soil chemical, biological and physical properties The Standard Operating procedures provides the step-by-step guide for soil sampling, handling and storage for soil, biological and physical properties and calculation procedures for these parameters."
"With declining water availability due to climate change, making the most use of it is crucial in adapting agricultural _x000D_
systems to a changing climate. Furthermore, optimal use of water through irrigation scheduling (when and how _x000D_
much) can increase the quantity and quality of produce. Aside from the positive effects on reducing water application _x000D_
in agricultural systems, positive effects have been found of improved water management on grain filling, size, color _x000D_
and shelf-life of produce, and marketable yield — resulting in higher market prices and income of farmers. In rice-based systems, in particular, co-benefits of improved water management on greenhouse gas emission mitigation have been reported._x000D_
_x000D_
The Standard Operating Procedures, developed for the use of water scientists, agronomists and other researchers, provides the step-by-step procedure to determine the irrigation water use and the total amount of water applied in the field to evaluate water use efficiency and productivity.",Irrigation water measurement: Standard operating procedures for quantifying the irrigation water used and for assessing water use efficiency and  water productivity  in agriculture systems,6567,13247,38,"Irrigation water measurement: Standard operating procedures for quantifying the irrigation water used and for assessing water use efficiency and  water productivity  in agriculture systems With declining water availability due to climate change, making the most use of it is crucial in adapting agricultural _x000D_
systems to a changing climate. Furthermore, optimal use of water through irrigation scheduling (when and how _x000D_
much) can increase the quantity and quality of produce. Aside from the positive effects on reducing water application _x000D_
in agricultural systems, positive effects have been found of improved water management on grain filling, size, color _x000D_
and shelf-life of produce, and marketable yield — resulting in higher market prices and income of farmers. In rice-based systems, in particular, co-benefits of improved water management on greenhouse gas emission mitigation have been reported._x000D_
_x000D_
The Standard Operating Procedures, developed for the use of water scientists, agronomists and other researchers, provides the step-by-step procedure to determine the irrigation water use and the total amount of water applied in the field to evaluate water use efficiency and productivity."
"The Standard Operating Procedures  (SOP) for measuring cowpea grain yield and aboveground mass at maturity by crop cut at plot level provides the step-by-step procedure to determine the cowpea grain yield and above ground biomass in on-farm trials. The SOP, reviewed by key agronomists from various One CG centers involved in the Excellence in Agronomy Initiative, provides the standard methods for agronomic gain assessments in field trials developed for researchers and extensionists.",Measurement of cowpea grain yield and aboveground biomass by crop cut at plot level: Standard operating procedures for agronomic gain assessments  in field trials developed for researchers and extensionists,6564,13245,40,"Measurement of cowpea grain yield and aboveground biomass by crop cut at plot level: Standard operating procedures for agronomic gain assessments  in field trials developed for researchers and extensionists The Standard Operating Procedures  (SOP) for measuring cowpea grain yield and aboveground mass at maturity by crop cut at plot level provides the step-by-step procedure to determine the cowpea grain yield and above ground biomass in on-farm trials. The SOP, reviewed by key agronomists from various One CG centers involved in the Excellence in Agronomy Initiative, provides the standard methods for agronomic gain assessments in field trials developed for researchers and extensionists."
"RiceMore was built in cooperation between the Department of Crop Production, the Center for Digital Transformation and Statistics - Ministry of Agriculture and Rural Development and the International Rice Research Institute (IRRI) to support monitoring and management of rice production systems. RiceMo allows systematizing and storing data on rice production which are updated weekly through a network of local officials from the commune level. Data linked with geographic information systems and other information layers to make production planning and natural disaster and pest response more convenient to policymakers, planners, extension agents, and researchers._x000D_
_x000D_
The RiceMore application is also compatible with monitoring, reporting, and verification (MRV) requirements for carbon credits in rice production.","Development of a smart phone application (RiceMore) compatible with monitoring, reporting, and verification (MRV) requirements for carbon credits in rice production",6249,13227,14,"Development of a smart phone application (RiceMore) compatible with monitoring, reporting, and verification (MRV) requirements for carbon credits in rice production RiceMore was built in cooperation between the Department of Crop Production, the Center for Digital Transformation and Statistics - Ministry of Agriculture and Rural Development and the International Rice Research Institute (IRRI) to support monitoring and management of rice production systems. RiceMo allows systematizing and storing data on rice production which are updated weekly through a network of local officials from the commune level. Data linked with geographic information systems and other information layers to make production planning and natural disaster and pest response more convenient to policymakers, planners, extension agents, and researchers._x000D_
_x000D_
The RiceMore application is also compatible with monitoring, reporting, and verification (MRV) requirements for carbon credits in rice production."
"The on-farm Water, Energy, Food, and Carbon footprint (WEFC) nexus index has been developed to enable the quantitative assessment of on-farm integrated resources management in wheat and faba bean farming systems in Egypt. The WEFC index is computed as the weighted arithmetic average of the four pillars of (1) water: on-farm saved water consumption/national maximum water consumption; (2) energy: on-farm saved energy consumption/national maximum energy consumption; (3) food: on-farm agricultural yield/national maximum yield; and (4) carbon dioxide (CO2): on-farm saved CO2 emissions/national maximum CO2 emissions. The WEFC nexus index values are, therefore, indicative of resource consumption (inputs) and agricultural production and CO2 emissions (outputs). The index can be used to quantitatively assess the nexus performance of site-specific packages of practices under certain conditions and quantify the impact of new interventions on the nexus status to drive transformative actions at the farm level.","On-farm Water, Energy, Food, and Carbon footprint (WEFC) nexus index for the quantitative assessment of on-farm integrated resources management",6197,13220,5,"On-farm Water, Energy, Food, and Carbon footprint (WEFC) nexus index for the quantitative assessment of on-farm integrated resources management The on-farm Water, Energy, Food, and Carbon footprint (WEFC) nexus index has been developed to enable the quantitative assessment of on-farm integrated resources management in wheat and faba bean farming systems in Egypt. The WEFC index is computed as the weighted arithmetic average of the four pillars of (1) water: on-farm saved water consumption/national maximum water consumption; (2) energy: on-farm saved energy consumption/national maximum energy consumption; (3) food: on-farm agricultural yield/national maximum yield; and (4) carbon dioxide (CO2): on-farm saved CO2 emissions/national maximum CO2 emissions. The WEFC nexus index values are, therefore, indicative of resource consumption (inputs) and agricultural production and CO2 emissions (outputs). The index can be used to quantitatively assess the nexus performance of site-specific packages of practices under certain conditions and quantify the impact of new interventions on the nexus status to drive transformative actions at the farm level."
"The Agroecology initiative aims to contribute to achieving agroecological transition through developing and scaling a range of innovations in 8 countries across three continents. It proposes to do so by using a participatory action-research approach involving the key stakeholders of the Agroecological Living Landscapes (ALLs), multi-stakeholder territorial spaces in each country on which the Initiative targets its transformation and innovation efforts. A major pillar of such an approach consists in codesigning the required innovations and corresponding processes as well as effecting the required changes in behavior/practices by the concerned actors. At the heart of the initiative’s ambition and approach lies the ability to mobilize and support ALL stakeholders in co-designing and implementing the diverse activities required to develop the innovations needed in each context. Hence, the initiative has designed a tool to support this process.",Integration of research and innovation processes that facilitate the co-design and testing of context-specific agroecological innovations:  A process for stakeholder engagement in Agroecological Living Landscapes ​,6139,13217,11,"Integration of research and innovation processes that facilitate the co-design and testing of context-specific agroecological innovations:  A process for stakeholder engagement in Agroecological Living Landscapes ​ The Agroecology initiative aims to contribute to achieving agroecological transition through developing and scaling a range of innovations in 8 countries across three continents. It proposes to do so by using a participatory action-research approach involving the key stakeholders of the Agroecological Living Landscapes (ALLs), multi-stakeholder territorial spaces in each country on which the Initiative targets its transformation and innovation efforts. A major pillar of such an approach consists in codesigning the required innovations and corresponding processes as well as effecting the required changes in behavior/practices by the concerned actors. At the heart of the initiative’s ambition and approach lies the ability to mobilize and support ALL stakeholders in co-designing and implementing the diverse activities required to develop the innovations needed in each context. Hence, the initiative has designed a tool to support this process."
"This dashboard aims to contribute to Nepal’s capacity to build a digital groundwater monitoring system through a small pilot project in Nepal’s Tarai region. This website is developed as a product in partnership with CSISA-Resilience project and Nepal’s Groundwater Resources Development Board. The dashboard reports the groundwater trends year after year, the Nepal Government/Department of Water Resources and Irrigation (DWRI) has deployed its resources to collect data on ground water level and real time data is projected in the dashboard. Work going on to transfer the dashboard to the DWRI/Nepal Government's system, so that they can operate the dashboard without CIMMYT's assistance.","CIMMYT supports the development of a ground water dashboard in Nepal to enhance decision-making to providing a centralized, accessible platform for real-time data collection, storage, and analysis of groundwater resources",5839,13207,5,"CIMMYT supports the development of a ground water dashboard in Nepal to enhance decision-making to providing a centralized, accessible platform for real-time data collection, storage, and analysis of groundwater resources This dashboard aims to contribute to Nepal’s capacity to build a digital groundwater monitoring system through a small pilot project in Nepal’s Tarai region. This website is developed as a product in partnership with CSISA-Resilience project and Nepal’s Groundwater Resources Development Board. The dashboard reports the groundwater trends year after year, the Nepal Government/Department of Water Resources and Irrigation (DWRI) has deployed its resources to collect data on ground water level and real time data is projected in the dashboard. Work going on to transfer the dashboard to the DWRI/Nepal Government's system, so that they can operate the dashboard without CIMMYT's assistance."
"The RVF tool is a collaborative effort between the One Health Initiative and the Digital Innovation Initiative, designed to analyze climate-epidemic interactions and support decision-making for Rift Valley Fever (RVF) outbreak prevention and control in the Greater Horn of Africa. It includes a decision-support system for managing RVF epizootics, enabling timely and effective responses, and integrates a disease information management system for efficient data compilation and dissemination. The tool enhances disease surveillance in high-risk areas by combining trapping systems with community reports and supports cost-effectiveness studies on RVF prevention strategies, informing contingency planning. It provides meteorological data, including rainfall and precipitation at county and sub-county levels, and incorporates RVF modeling for risk assessment. Additionally, it serves as a key resource for prevention and control efforts, featuring an online news bulletin that enables users to generate customized scientific advisories with geospatial visualizations and professional reports.",A decision support tool for preventing and controlling Rift Valley Fever (RVF) epizootic,5736,13204,-1,"A decision support tool for preventing and controlling Rift Valley Fever (RVF) epizootic The RVF tool is a collaborative effort between the One Health Initiative and the Digital Innovation Initiative, designed to analyze climate-epidemic interactions and support decision-making for Rift Valley Fever (RVF) outbreak prevention and control in the Greater Horn of Africa. It includes a decision-support system for managing RVF epizootics, enabling timely and effective responses, and integrates a disease information management system for efficient data compilation and dissemination. The tool enhances disease surveillance in high-risk areas by combining trapping systems with community reports and supports cost-effectiveness studies on RVF prevention strategies, informing contingency planning. It provides meteorological data, including rainfall and precipitation at county and sub-county levels, and incorporates RVF modeling for risk assessment. Additionally, it serves as a key resource for prevention and control efforts, featuring an online news bulletin that enables users to generate customized scientific advisories with geospatial visualizations and professional reports."
"Climate adaptation processes can be uneven and reinforce inequitable power relations and outcomes. In dairy households of Nandi and Bomet counties in Kenya, despite women’s significant labor contributions, gender norms limit women’s access to resources and decision-making agency. Rather than top-down, one-size-fits-all solutions, adaptation must prioritize flexible, locally led approaches tailored to diverse capacities of households and groups with differential access to resources and opportunities. Our innovation combines two inclusive approaches, scaling with households and champions in groups to enhance women's capacities to learn, lead and scale adaptation. The first approach works with households as part of the Pioneer Positive Deviance (P-PD) approach to scale farmer-led solutions developed by “adaptation pioneer households” (APHs). The second approach works with local champions and grassroots women-led groups to support women's peer learning in collectives and strengthen their leadership capacities. Synergies between these two piloted approaches support equitable scaling of locally led adaptation.",Scaling with households and groups: socially inclusive approaches supporting equitable scaling of locally led adaptation in Kenya's dairy sector,5373,13194,8,"Scaling with households and groups: socially inclusive approaches supporting equitable scaling of locally led adaptation in Kenya's dairy sector Climate adaptation processes can be uneven and reinforce inequitable power relations and outcomes. In dairy households of Nandi and Bomet counties in Kenya, despite women’s significant labor contributions, gender norms limit women’s access to resources and decision-making agency. Rather than top-down, one-size-fits-all solutions, adaptation must prioritize flexible, locally led approaches tailored to diverse capacities of households and groups with differential access to resources and opportunities. Our innovation combines two inclusive approaches, scaling with households and champions in groups to enhance women's capacities to learn, lead and scale adaptation. The first approach works with households as part of the Pioneer Positive Deviance (P-PD) approach to scale farmer-led solutions developed by “adaptation pioneer households” (APHs). The second approach works with local champions and grassroots women-led groups to support women's peer learning in collectives and strengthen their leadership capacities. Synergies between these two piloted approaches support equitable scaling of locally led adaptation."
"This innovation is a new/adapted technology for conservation of Suidae (pig) genetic resources in-vitro based on a stem cell approach.The technology relies of harvesting of somatic cells (such as from an animal’s body), which are then bought back to undifferentiated stem cells, also called induced pluripotent stem cells (iPSCs), in the laboratory. The iPSCs can be stored in-vitro (under liquid nitrogen) and later used to produce any cell type (undifferentiated stem cells are characterized by their ability to produce any cell type in the body). To date we have successfully demonstrated stable lines of local pig somatic cells in culture. The steps in progress include inducing pluripotency, characterizing and demonstrating their differentiation potential, and later using them in assisted reproductive technologies to revive the pig which cells were stored in liquid nitrogen. This technology will be used to conserve tropical pig genetic resources in Uganda, Vietnam, and potentially elsewhere.",Conservation of tropical indigenous pig Suidae genetic resources using the induced pluripotent stem cells (iPSC) derived from somatic cells,5311,13177,12,"Conservation of tropical indigenous pig Suidae genetic resources using the induced pluripotent stem cells (iPSC) derived from somatic cells This innovation is a new/adapted technology for conservation of Suidae (pig) genetic resources in-vitro based on a stem cell approach.The technology relies of harvesting of somatic cells (such as from an animal’s body), which are then bought back to undifferentiated stem cells, also called induced pluripotent stem cells (iPSCs), in the laboratory. The iPSCs can be stored in-vitro (under liquid nitrogen) and later used to produce any cell type (undifferentiated stem cells are characterized by their ability to produce any cell type in the body). To date we have successfully demonstrated stable lines of local pig somatic cells in culture. The steps in progress include inducing pluripotency, characterizing and demonstrating their differentiation potential, and later using them in assisted reproductive technologies to revive the pig which cells were stored in liquid nitrogen. This technology will be used to conserve tropical pig genetic resources in Uganda, Vietnam, and potentially elsewhere."
"The Climate Security Programming Dashboard for Climate Finance (CSPDxCF) is a comprehensive tool designed for initial conflict sensitive assessments and guidance for projects funded by the Green Climate Fund (GCF) along with other climate funds and financial institutions. In the project design phase, CSPD assists Accredited Entities (AEs) and Direct Entities (DEs) in identifying operational risks and entry points for peace-informed action, providing tailored guidance on integrating climate strategies with security programming. Additionally, CSPD enhances AEs and DEs due diligence and risk management, optimizing project design in fragile and conflict-affected settings.",Climate Security Programming Dashboard for Climate Finance (CSPDxCF) to assess conflict sensitivity of proposals for international financial institutions and climate funds,5275,13172,23,"Climate Security Programming Dashboard for Climate Finance (CSPDxCF) to assess conflict sensitivity of proposals for international financial institutions and climate funds The Climate Security Programming Dashboard for Climate Finance (CSPDxCF) is a comprehensive tool designed for initial conflict sensitive assessments and guidance for projects funded by the Green Climate Fund (GCF) along with other climate funds and financial institutions. In the project design phase, CSPD assists Accredited Entities (AEs) and Direct Entities (DEs) in identifying operational risks and entry points for peace-informed action, providing tailored guidance on integrating climate strategies with security programming. Additionally, CSPD enhances AEs and DEs due diligence and risk management, optimizing project design in fragile and conflict-affected settings."
"The methodology is applicable to measures that reduce anaerobic decomposition of organic matter in rice-cropping soils. Such measures include changing the water regime during the cultivation period from continuously to intermittently flooded conditions and/or a shortened period of flooded conditions, using the alternate wetting and drying method, adopting aerobic rice cultivation methods, and switching from transplanted to direct-seeded rice (DSR). This methodology can be applied to large and small-scale or micro-scale projects or PoAs.",Methodology for methane emission reduction by adjusted water management practice in rice cultivation,5195,13167,14,"Methodology for methane emission reduction by adjusted water management practice in rice cultivation The methodology is applicable to measures that reduce anaerobic decomposition of organic matter in rice-cropping soils. Such measures include changing the water regime during the cultivation period from continuously to intermittently flooded conditions and/or a shortened period of flooded conditions, using the alternate wetting and drying method, adopting aerobic rice cultivation methods, and switching from transplanted to direct-seeded rice (DSR). This methodology can be applied to large and small-scale or micro-scale projects or PoAs."
"The Cost-Impact Analysis for Emission Reduction Projects (COMPARE) is a tool developed by UNIQUE Forestry and Land Use in conjunction with International Rice Research Institute. This tool is a Microsoft® Excel workbook with built-in formulas and functions that allow automatic calculation of Cost Benefit Analysis indicators and GHG emissions according to the user's defined inputs._x000D_
_x000D_
This Excel Tool is designed to provide a Cost Benefit Assessment showing the economic and carbon impacts of different rice management practices at a regional level in Vietnam. The tool is designed to cater to different user types and allows full flexibility to adapt the tool for advanced users. It enables the user to estimate the benefits, costs, and greenhouse gas savings in a ""Business As Usual"" (BAU) scenario (broadly reflecting the current mix of rice production methods) and a “Project” scenario (reflecting a desired mix of rice production methods).",Cost-Impact Analysis for Emission Reduction Projects (COMPARE) tool to inform low-emission investment planning for rice-based production systems in Vietnam,5193,13165,14,"Cost-Impact Analysis for Emission Reduction Projects (COMPARE) tool to inform low-emission investment planning for rice-based production systems in Vietnam The Cost-Impact Analysis for Emission Reduction Projects (COMPARE) is a tool developed by UNIQUE Forestry and Land Use in conjunction with International Rice Research Institute. This tool is a Microsoft® Excel workbook with built-in formulas and functions that allow automatic calculation of Cost Benefit Analysis indicators and GHG emissions according to the user's defined inputs._x000D_
_x000D_
This Excel Tool is designed to provide a Cost Benefit Assessment showing the economic and carbon impacts of different rice management practices at a regional level in Vietnam. The tool is designed to cater to different user types and allows full flexibility to adapt the tool for advanced users. It enables the user to estimate the benefits, costs, and greenhouse gas savings in a ""Business As Usual"" (BAU) scenario (broadly reflecting the current mix of rice production methods) and a “Project” scenario (reflecting a desired mix of rice production methods)."
"In response to  rangeland degradation, conventional practices involving exotic species like Acacia saligna and Atriplex nummularia have exacerbated ecological imbalances by endangering local flora and fauna and diminishing biodiversity. While developing the Tunisian National Strategy for Advancing Feed and Forage Resources in Tunisia, ICARDA proposed innovative solutions centered on the reintroduction of indigenous species. These were carefully selected to thrive in specific agroecological zones addressing key constraints, and which will be implemented by the Office of Livestock and Pastures and other national institutions. Drivers of loss of indigenous species planting include limited seed availability, lack of awareness, and entrenched institutional behavior. Therefore, our strategies involve genetic source scanning to match indigenous species with environmental conditions, raising awareness about indigenous species' benefits, and efforts to change institutional behavior. Additionally, we are exploring ways to enhance seed collection and multiplication. This approach revitalizes degraded rangelands, contributing significantly to climate change mitigation.",Unlocking indigenous plants as innovative solutions for restoring agro-ecological zones under changing climate in the dry areas,5176,13162,-1,"Unlocking indigenous plants as innovative solutions for restoring agro-ecological zones under changing climate in the dry areas In response to  rangeland degradation, conventional practices involving exotic species like Acacia saligna and Atriplex nummularia have exacerbated ecological imbalances by endangering local flora and fauna and diminishing biodiversity. While developing the Tunisian National Strategy for Advancing Feed and Forage Resources in Tunisia, ICARDA proposed innovative solutions centered on the reintroduction of indigenous species. These were carefully selected to thrive in specific agroecological zones addressing key constraints, and which will be implemented by the Office of Livestock and Pastures and other national institutions. Drivers of loss of indigenous species planting include limited seed availability, lack of awareness, and entrenched institutional behavior. Therefore, our strategies involve genetic source scanning to match indigenous species with environmental conditions, raising awareness about indigenous species' benefits, and efforts to change institutional behavior. Additionally, we are exploring ways to enhance seed collection and multiplication. This approach revitalizes degraded rangelands, contributing significantly to climate change mitigation."
This conceptual framework and guiding questions are developed to serve as a starting point for gender-sensitive analysis and selection of gender-specific and gender-transformative policies targeting Antimicrobial Use and Antimicrobial Resistance and how that affects different gender in agricultural settings.,Exploring Gender Dimensions in the Use and Resistance of Antimicrobials in Agricultural Policy: A Conceptual Framework for Understanding How Antimicrobial Use and Resistance Transmission Affects Different Genders in Agriculture,4985,13135,0,Exploring Gender Dimensions in the Use and Resistance of Antimicrobials in Agricultural Policy: A Conceptual Framework for Understanding How Antimicrobial Use and Resistance Transmission Affects Different Genders in Agriculture This conceptual framework and guiding questions are developed to serve as a starting point for gender-sensitive analysis and selection of gender-specific and gender-transformative policies targeting Antimicrobial Use and Antimicrobial Resistance and how that affects different gender in agricultural settings.
"The International Rice Research Institute in collaboration with the SeaSpray Labs is developed and introduced the Application Programming Interface (API) which source-selective and emission-adjusted GHG calculator for rice cropland and that enables the SECTOR tool to connect to other digital tools for calculating greenhouse gas (GHG) emissions. SECTOR offers a high range of flexibility in terms of sourcing emission and activity data, and in selecting a range of scales for aggregation. SECTOR can allow GHG emissions verification and quantification for monetizable carbon credits, as the rice sector carbon market develops in Vietnam. It is now being used by research and practitioners in climate change adaptation and mitigitation.",Application Programming Interface (API) enabling the Source-selective and Emission-adjusted Greenhouse Gas Calculator for Cropland (SECTOR) data tool for rice cropland to better calculate greenhouse gas (GHG) emissions,4931,13125,8,"Application Programming Interface (API) enabling the Source-selective and Emission-adjusted Greenhouse Gas Calculator for Cropland (SECTOR) data tool for rice cropland to better calculate greenhouse gas (GHG) emissions The International Rice Research Institute in collaboration with the SeaSpray Labs is developed and introduced the Application Programming Interface (API) which source-selective and emission-adjusted GHG calculator for rice cropland and that enables the SECTOR tool to connect to other digital tools for calculating greenhouse gas (GHG) emissions. SECTOR offers a high range of flexibility in terms of sourcing emission and activity data, and in selecting a range of scales for aggregation. SECTOR can allow GHG emissions verification and quantification for monetizable carbon credits, as the rice sector carbon market develops in Vietnam. It is now being used by research and practitioners in climate change adaptation and mitigitation."
"Targeting Tools is a web-based Geospatial Information System (GIS) platform that houses a wide range of spatial datasets, both global and country-specific. It provides Land Similarity, Land Suitability, and Land Statistics tools for use on both desktop and web platforms._x000D_
The platform not only facilitates the visualization of datasets stored in its geodatabase but also supports user-uploaded raster format datasets. It enables various types of suitability or risk mapping analyses by combining different datasets._x000D_
Users are given the flexibility to establish their own criteria and thresholds to identify suitable areas. Moreover, these tools can be used to characterise the identified areas through the calculation of zonal statistics.  _x000D_
The tool allows for the integration of multi-dimensional datasets, including bio-physical (e.g. climate, soils, agro-ecology) as well as socio-economic (e.g. poverty, nutritional status, access to markets) data and thus for analyses along the different CGIAR impact areas.","Web Platform ""Targeting Tools"": user-friendly geographical information system tools for identifying suitable land areas",4898,13118,6,"Web Platform ""Targeting Tools"": user-friendly geographical information system tools for identifying suitable land areas Targeting Tools is a web-based Geospatial Information System (GIS) platform that houses a wide range of spatial datasets, both global and country-specific. It provides Land Similarity, Land Suitability, and Land Statistics tools for use on both desktop and web platforms._x000D_
The platform not only facilitates the visualization of datasets stored in its geodatabase but also supports user-uploaded raster format datasets. It enables various types of suitability or risk mapping analyses by combining different datasets._x000D_
Users are given the flexibility to establish their own criteria and thresholds to identify suitable areas. Moreover, these tools can be used to characterise the identified areas through the calculation of zonal statistics.  _x000D_
The tool allows for the integration of multi-dimensional datasets, including bio-physical (e.g. climate, soils, agro-ecology) as well as socio-economic (e.g. poverty, nutritional status, access to markets) data and thus for analyses along the different CGIAR impact areas."
"The Climate Security Observatory (CSO) is an online decision-making support tool providing robust, localized, and policy-relevant evidence on	how	exactly climate security risks	may	emerge across different geographic contexts. It aims to answer several	research	questions on how the  climate security nexus operates at the subnational level. To achieve this , the CSO performs a series of mixed-methods analyses (data-driven literature review, pathway analysis, social media issue mapping, governance coherence analysis, network analysis, spatial analysis, econometric analysis), before synthesizing outputs into an open-access online dashboard. Within the CSO, a module for decision making on displacement-related is being developed.",The CGIAR Climate Security Observatory - Displacement module,4820,13103,8,"The CGIAR Climate Security Observatory - Displacement module The Climate Security Observatory (CSO) is an online decision-making support tool providing robust, localized, and policy-relevant evidence on	how	exactly climate security risks	may	emerge across different geographic contexts. It aims to answer several	research	questions on how the  climate security nexus operates at the subnational level. To achieve this , the CSO performs a series of mixed-methods analyses (data-driven literature review, pathway analysis, social media issue mapping, governance coherence analysis, network analysis, spatial analysis, econometric analysis), before synthesizing outputs into an open-access online dashboard. Within the CSO, a module for decision making on displacement-related is being developed."
"Seven improved cultivars of Brachiaria and Guinea grasses along with local forages are being evaluated in multiple locations in Nepal involving farmers and other stakeholders, and best bet cultivars will be scaled for commercial fodder production. Evaluation of the forage cultivars is ongoing on station and performance of forage species/cultivars will be assessed by the farmers and other stakeholders visiting the experimental plots at different stages. The preferred cultivars will be identified for on-farm evaluation as outreach research activities. Use of the improved cultivars will lead to improved diets for dairy buffalo leading to improved productivity.","Improved Brachiaria and Guinea grass cultivars, suited to multiple locations in Nepal, for improved agronomic performance, animal nutrition and dairy buffalo performance",4626,13074,-1,"Improved Brachiaria and Guinea grass cultivars, suited to multiple locations in Nepal, for improved agronomic performance, animal nutrition and dairy buffalo performance Seven improved cultivars of Brachiaria and Guinea grasses along with local forages are being evaluated in multiple locations in Nepal involving farmers and other stakeholders, and best bet cultivars will be scaled for commercial fodder production. Evaluation of the forage cultivars is ongoing on station and performance of forage species/cultivars will be assessed by the farmers and other stakeholders visiting the experimental plots at different stages. The preferred cultivars will be identified for on-farm evaluation as outreach research activities. Use of the improved cultivars will lead to improved diets for dairy buffalo leading to improved productivity."
"Pig and beef cattle keepers in Son La province of NorthWest Vietnam rarely engage in best practice in pig and beef cattle production and marketing.  There are numerous reasons for this, a key one being lack of access to information.  To address this, we are developing a social behaviour change communication (SBCC) campaign that will share best practice messages on herd health, breeding, animal nutrition and marketing.  The campaign will be designed to reach livestock keepers of different genders (women and men) as well as ethnicities (primarily Thai and H'mong).  Currently the strategy for the campaign is being developed in conjunction with behaviour change specialists.","Social behaviour change communication (SBCC) campaign on best practices in beef and pig production and marketing, targeting women and men livestock keepers in North-west Vietnam.",4621,13070,-1,"Social behaviour change communication (SBCC) campaign on best practices in beef and pig production and marketing, targeting women and men livestock keepers in North-west Vietnam. Pig and beef cattle keepers in Son La province of NorthWest Vietnam rarely engage in best practice in pig and beef cattle production and marketing.  There are numerous reasons for this, a key one being lack of access to information.  To address this, we are developing a social behaviour change communication (SBCC) campaign that will share best practice messages on herd health, breeding, animal nutrition and marketing.  The campaign will be designed to reach livestock keepers of different genders (women and men) as well as ethnicities (primarily Thai and H'mong).  Currently the strategy for the campaign is being developed in conjunction with behaviour change specialists."
"The main purpose of this work is to develop and test artificial intelligence-based image recognition software for varietal identification. Artificial intelligence-based methods will be ground-truthed and compared to other methods commonly used for varietal identification, such as DNA fingerprinting and farmer recollection. The vision is to arrive at low-cost and scalable methods for varietal identification. The created algorithms will be included in the VarScout app and the user can use for varietal identification._x000D_
_x000D_
In 2023, great progress has been made and proof of principle has been established: AI-based image recognition models for varietal identification in wheat resulted in a precision close to 87.5%._x000D_
_x000D_
In 2024, data collection protocols for potato and sweetpotato where developed and implemented. An AI-model for varietal identification of potato varieties is being developed.","Artifical intelligence-based image recognition for accurate varietal identification to increase cost-effectiveness of data collection without compromising on data quality for farmers, extentionist, survey teams",4267,13063,18,"Artifical intelligence-based image recognition for accurate varietal identification to increase cost-effectiveness of data collection without compromising on data quality for farmers, extentionist, survey teams The main purpose of this work is to develop and test artificial intelligence-based image recognition software for varietal identification. Artificial intelligence-based methods will be ground-truthed and compared to other methods commonly used for varietal identification, such as DNA fingerprinting and farmer recollection. The vision is to arrive at low-cost and scalable methods for varietal identification. The created algorithms will be included in the VarScout app and the user can use for varietal identification._x000D_
_x000D_
In 2023, great progress has been made and proof of principle has been established: AI-based image recognition models for varietal identification in wheat resulted in a precision close to 87.5%._x000D_
_x000D_
In 2024, data collection protocols for potato and sweetpotato where developed and implemented. An AI-model for varietal identification of potato varieties is being developed."
"This Standard Operating Procedure (SOP) is designed for Excellence in Agronomy (EiA) Use Case teams with an interest in developing gender- and youth-responsive agronomic solutions. The SOP is a guide to help Use Case teams move from each step in their workflows when designing, validating, and piloting their Minimum Viable Products (MVPs) to ensure they can develop gender- and youth-responsive agronomic solutions by the end of their Use Case. This stepwise procedure first entails carrying out a diagnostic assessment of gender and generational differences in agricultural management practices and technology adoption and the factors contributing to these differences. These steps (6 total) to developing gender- and youth-responsive agronomic solutions are described with some detail in this SOP. The SOP has been used during the implementation of the integrated survey to ground the Use Cases. Reports from 3 Use cases are shown in the evidence.",Standard Operating Procedures and users guide for developing gender and youth responsive agronomic solutions for Use Cases in Excellence in Agronomy Initiative,4242,13062,2,"Standard Operating Procedures and users guide for developing gender and youth responsive agronomic solutions for Use Cases in Excellence in Agronomy Initiative This Standard Operating Procedure (SOP) is designed for Excellence in Agronomy (EiA) Use Case teams with an interest in developing gender- and youth-responsive agronomic solutions. The SOP is a guide to help Use Case teams move from each step in their workflows when designing, validating, and piloting their Minimum Viable Products (MVPs) to ensure they can develop gender- and youth-responsive agronomic solutions by the end of their Use Case. This stepwise procedure first entails carrying out a diagnostic assessment of gender and generational differences in agricultural management practices and technology adoption and the factors contributing to these differences. These steps (6 total) to developing gender- and youth-responsive agronomic solutions are described with some detail in this SOP. The SOP has been used during the implementation of the integrated survey to ground the Use Cases. Reports from 3 Use cases are shown in the evidence."
"This SOP provides the steps to undertake characterization of farmer typology in Use Cases and generate actionable insights into farm diversity that can be used to increase the impact potential of the Use Cases’ MVP’s and realise inclusive impact across different types of farmers. This characterization is based on the premise that the farm’s biophysical and socio-economic context, as well as the farmer’s capacity, aspirations and interest determine the feasibility and desirability of recommended changes in practices and use of agricultural inputs, as well as access to information channels through which recommendations are disseminated.  ",Standard Operating Procedure for farmer segmentation generates insights into farm diversity for the improvement of agronomic innovations for farmers and design of scaling strategy in Excellence in Agronomy Use Cases,4215,13058,20,"Standard Operating Procedure for farmer segmentation generates insights into farm diversity for the improvement of agronomic innovations for farmers and design of scaling strategy in Excellence in Agronomy Use Cases This SOP provides the steps to undertake characterization of farmer typology in Use Cases and generate actionable insights into farm diversity that can be used to increase the impact potential of the Use Cases’ MVP’s and realise inclusive impact across different types of farmers. This characterization is based on the premise that the farm’s biophysical and socio-economic context, as well as the farmer’s capacity, aspirations and interest determine the feasibility and desirability of recommended changes in practices and use of agricultural inputs, as well as access to information channels through which recommendations are disseminated.  "
"The Standard Operating procedures for cassava harvesting and for measuring cassava root and aboveground biomass provides the step-by-step guide for the measurement of cassava yield and aboveground biomass at plot level and calculation procedures for these parameters. The SOP, reviewed by key agronomists from various CG Centers involved in the Excellence in Agronomy Initiative, codifies the standard procedures to be followed for agronomic gain assessments in field trials developed for researchers and extensionists.",Determination of cassava root yield and aboveground biomass by crop cut at plot level: Standard operating procedures for agronomic gain assessments in field trials developed for researchers and extensionists,4201,13055,17,"Determination of cassava root yield and aboveground biomass by crop cut at plot level: Standard operating procedures for agronomic gain assessments in field trials developed for researchers and extensionists The Standard Operating procedures for cassava harvesting and for measuring cassava root and aboveground biomass provides the step-by-step guide for the measurement of cassava yield and aboveground biomass at plot level and calculation procedures for these parameters. The SOP, reviewed by key agronomists from various CG Centers involved in the Excellence in Agronomy Initiative, codifies the standard procedures to be followed for agronomic gain assessments in field trials developed for researchers and extensionists."
"The Standard Operating procedures for measuring barley grain yield and aboveground biomass provides the step-by-step guide for the measurement of maize grain yield and aboveground biomass at plot level and calculation procedures for these parameters. The SOP, reviewed by key agronomists from various CG Centers, codifies the standard procedures for agronomic gain assessment in field trials developed for researchers and extensionists.",Measurement of barley grain yield and aboveground biomass by crop cut at plot level: Standard operating procedures for agronomic gain assessment in field trials developed for researchers and extensionists,4198,13053,40,"Measurement of barley grain yield and aboveground biomass by crop cut at plot level: Standard operating procedures for agronomic gain assessment in field trials developed for researchers and extensionists The Standard Operating procedures for measuring barley grain yield and aboveground biomass provides the step-by-step guide for the measurement of maize grain yield and aboveground biomass at plot level and calculation procedures for these parameters. The SOP, reviewed by key agronomists from various CG Centers, codifies the standard procedures for agronomic gain assessment in field trials developed for researchers and extensionists."
"The Standard Operating procedures for measuring maize grain yield and aboveground biomass provides the step-by-step guide for the measurement of maize grain yield and aboveground biomass at plot level and calculation procedures for these parameters. This SOP, reviewed by agronomists/scientists in various CG Centers, serves as the standard for agronomic gain assessment in field trials. The SOP is developed for researchers and extensionists.",Measurement of maize grain yield and aboveground biomass by crop cut at plot level: Standard operating procedures for agronomic gain assessments in field trials developed for researchers and extensionists,4195,13051,40,"Measurement of maize grain yield and aboveground biomass by crop cut at plot level: Standard operating procedures for agronomic gain assessments in field trials developed for researchers and extensionists The Standard Operating procedures for measuring maize grain yield and aboveground biomass provides the step-by-step guide for the measurement of maize grain yield and aboveground biomass at plot level and calculation procedures for these parameters. This SOP, reviewed by agronomists/scientists in various CG Centers, serves as the standard for agronomic gain assessment in field trials. The SOP is developed for researchers and extensionists."
"The Standard Operating Procedures for the measurement of rice yield and above ground biomass provides the guidelines and procedures for measuring rice grain yield and aboveground biomass at plot level and how to calculate these parameters. The SOP, developed for researchers and extensionists, is important for the agronomic gain key performance indicator assessment in field trials.", Measurement of rice grain yield and aboveground biomass at maturity by crop cut at plot level: Standard operating procedures for agronomic gain assessment in field trials developed for agronomists,4187,13049,40," Measurement of rice grain yield and aboveground biomass at maturity by crop cut at plot level: Standard operating procedures for agronomic gain assessment in field trials developed for agronomists The Standard Operating Procedures for the measurement of rice yield and above ground biomass provides the guidelines and procedures for measuring rice grain yield and aboveground biomass at plot level and how to calculate these parameters. The SOP, developed for researchers and extensionists, is important for the agronomic gain key performance indicator assessment in field trials."
The Standard Operating Procedures for the measurement of sorghum yield and above ground biomass provides the guidelines and procedures for measuring grain yield and aboveground biomass at plot level and how to calculate these parameters to compute the agronomic gain. This SOP is developed for agronomy researchers and extensionists.,Measurement of sorghum grain yield and aboveground biomass by crop cut at plot level: Standard operating procedures for agronomic gain assessment in field trials developed for researchers and extensiosists,4186,13048,40,Measurement of sorghum grain yield and aboveground biomass by crop cut at plot level: Standard operating procedures for agronomic gain assessment in field trials developed for researchers and extensiosists The Standard Operating Procedures for the measurement of sorghum yield and above ground biomass provides the guidelines and procedures for measuring grain yield and aboveground biomass at plot level and how to calculate these parameters to compute the agronomic gain. This SOP is developed for agronomy researchers and extensionists.
"Accurate measurement of crop cultivated area is essential for assessing various agronomic gain key performance indicators (KPIs) including yield, profitability, and resource use efficiency. Previous household surveys heavily relied on farmer-reported plot area. However, it has been reported frequently that farmer-reported plot area is often biased due to various reasons. Here, we describe procedure for a GPS-based field area measurement. Module 1 introduces the use of GPS devices as first option, whereas module 2 describes the use of application software on smartphones and tablets as second option. Here, we describe UTM Area Measure, an android application downloadable for free from Google Play Store, as an example. This module describes the procedures for downloading and performing the measurements with this application. There are many other applications, that have functions similar to those of UTM Area Measure. They can also be used to measure field/plot area",Standard Operating Procedures for field area measurement in field trials for agronomic gain key performance indicators assessment developed for researchers and extensionists,4183,13045,20,"Standard Operating Procedures for field area measurement in field trials for agronomic gain key performance indicators assessment developed for researchers and extensionists Accurate measurement of crop cultivated area is essential for assessing various agronomic gain key performance indicators (KPIs) including yield, profitability, and resource use efficiency. Previous household surveys heavily relied on farmer-reported plot area. However, it has been reported frequently that farmer-reported plot area is often biased due to various reasons. Here, we describe procedure for a GPS-based field area measurement. Module 1 introduces the use of GPS devices as first option, whereas module 2 describes the use of application software on smartphones and tablets as second option. Here, we describe UTM Area Measure, an android application downloadable for free from Google Play Store, as an example. This module describes the procedures for downloading and performing the measurements with this application. There are many other applications, that have functions similar to those of UTM Area Measure. They can also be used to measure field/plot area"
"We develop a novel approach for spatial analysis based on databases characterizing sub-national units in various countries using Uber H3 level-6 hexagons—a spatial grid system. Uber's H3 system optimizes spatial data exploration, enhancing geographic information analysis across various data types: crops, livestock, population, and climate. Unique identifiers in H3 hexagons aid data aggregation, outperforming square pixels for broad spatial coverage. Note: Hexagon size may differ from actual pixels like SPAM; values vary by location and underlying pixels. Interpret as important indicators, not absolute values. Our database serves researchers, policymakers, and organizations keen on foresight analysis. We actively promote H3 system integration into existing models, offering documentation, tutorials, and support. Preliminary appraisals ensure system accuracy and reliability. This innovation provides invaluable insights using efficient spatial data analysis for foresight purposes, benefiting stakeholders.",Uber H3 level 6 hexagons Database for characterization of sub national units for key countries,4139,13043,-1,"Uber H3 level 6 hexagons Database for characterization of sub national units for key countries We develop a novel approach for spatial analysis based on databases characterizing sub-national units in various countries using Uber H3 level-6 hexagons—a spatial grid system. Uber's H3 system optimizes spatial data exploration, enhancing geographic information analysis across various data types: crops, livestock, population, and climate. Unique identifiers in H3 hexagons aid data aggregation, outperforming square pixels for broad spatial coverage. Note: Hexagon size may differ from actual pixels like SPAM; values vary by location and underlying pixels. Interpret as important indicators, not absolute values. Our database serves researchers, policymakers, and organizations keen on foresight analysis. We actively promote H3 system integration into existing models, offering documentation, tutorials, and support. Preliminary appraisals ensure system accuracy and reliability. This innovation provides invaluable insights using efficient spatial data analysis for foresight purposes, benefiting stakeholders."
"The Climate Smart Governance (CSG) Dashboard provides accurate data on climate-related hazards, population vulnerability, forecast climate scenarios, sector-relevant data (water, health, agriculture, ecosystem), infrastructure and climate-related projects to support coordinated mid- to long-term adaptation planning aligned to global development goals. Specifically, it can help nations undertake the National Adaptation Planning (NAP) process. The CSG Dashboard has been designed with the NAP process in mind to provide a space in which public- and private sector entities can obtain and use up-to-date data to develop effective, well-coordinated adaptation policies; monitor and evaluate progress towards meeting adaptation goals; collaborate for effective use of resources; and share information on best practices and investment opportunities. CSG uses the Early Warning, Early Action, Early Finance (AWARE) platform engine and benefits from the capabilities of the platform that are validated in the South Asian context.","Climate Smart Governance Dashboard for environmental policy makers to design and implement multi-sectoral, mid- to -long-term adaptation plans benefiting climate vulnerable rural communities",4103,13039,23,"Climate Smart Governance Dashboard for environmental policy makers to design and implement multi-sectoral, mid- to -long-term adaptation plans benefiting climate vulnerable rural communities The Climate Smart Governance (CSG) Dashboard provides accurate data on climate-related hazards, population vulnerability, forecast climate scenarios, sector-relevant data (water, health, agriculture, ecosystem), infrastructure and climate-related projects to support coordinated mid- to long-term adaptation planning aligned to global development goals. Specifically, it can help nations undertake the National Adaptation Planning (NAP) process. The CSG Dashboard has been designed with the NAP process in mind to provide a space in which public- and private sector entities can obtain and use up-to-date data to develop effective, well-coordinated adaptation policies; monitor and evaluate progress towards meeting adaptation goals; collaborate for effective use of resources; and share information on best practices and investment opportunities. CSG uses the Early Warning, Early Action, Early Finance (AWARE) platform engine and benefits from the capabilities of the platform that are validated in the South Asian context."
"Climate variability and its impacts on natural and human systems are increasingly visible across the globe. Despite international attention towards this so-called climate security nexus, understanding of how climate, conflict, and resilience interact is sparse. This is partly due to a lack of sources that combine relevant data. The aim of this concept is to develop a Climate Security Index (CSI) that will allow academics and policymakers to conduct evidence-based research into an imperative global challenge. The CSI would be able to produce an aggregate, comparable, subnational dataset that provides relevant information for academics and policymakers to analyze indicators across the nexus.",Climate Security Index for policy makers and international governmental organizations to compare climate security in different areas and prioritize climate investments that will yield maximum benefits for conflict vulnerable people,4070,13030,23,"Climate Security Index for policy makers and international governmental organizations to compare climate security in different areas and prioritize climate investments that will yield maximum benefits for conflict vulnerable people Climate variability and its impacts on natural and human systems are increasingly visible across the globe. Despite international attention towards this so-called climate security nexus, understanding of how climate, conflict, and resilience interact is sparse. This is partly due to a lack of sources that combine relevant data. The aim of this concept is to develop a Climate Security Index (CSI) that will allow academics and policymakers to conduct evidence-based research into an imperative global challenge. The CSI would be able to produce an aggregate, comparable, subnational dataset that provides relevant information for academics and policymakers to analyze indicators across the nexus."
"Business Process Management unit function to support crops and centers to implement quality management systems in their breeding operations, which will provide a structured path for continuous improvement and create institutional memory of improvements and achievements.  This function will bring in specialized expertise in process management and change management, and implement a common document management system for standard operating protocols and workflows.  The customers of this function will primarily be breeders, farm management staff, lab operations staff, and managers.",Development of an operating model for a new global unit that specializes in process improvement and change management,4003,13026,21,"Development of an operating model for a new global unit that specializes in process improvement and change management Business Process Management unit function to support crops and centers to implement quality management systems in their breeding operations, which will provide a structured path for continuous improvement and create institutional memory of improvements and achievements.  This function will bring in specialized expertise in process management and change management, and implement a common document management system for standard operating protocols and workflows.  The customers of this function will primarily be breeders, farm management staff, lab operations staff, and managers."
"The dashboard enables exploration of a rich set of multi-dimensional information such as type of farming activities, the sources of farm and non-farm income, farmer welfare and food security and gender equity concerns specific to the context, and contributes to the design of more comprehensive and accurate farmer segment characterization.  Using flexible, more comprehensive and accurate farmer segments, higher performing, more targeted climate action projects, programs and policies can be designed and implemented. The information provided by the dashboard can be used by local, regional and national policy makers as well as agricultural and environmental intervention designers operating in the public and private sector.","Objective-Based High-Accuracy Farmer Segmentation Dashboard for Climate Action Project, Program and Policy Designers",3967,13022,0,"Objective-Based High-Accuracy Farmer Segmentation Dashboard for Climate Action Project, Program and Policy Designers The dashboard enables exploration of a rich set of multi-dimensional information such as type of farming activities, the sources of farm and non-farm income, farmer welfare and food security and gender equity concerns specific to the context, and contributes to the design of more comprehensive and accurate farmer segment characterization.  Using flexible, more comprehensive and accurate farmer segments, higher performing, more targeted climate action projects, programs and policies can be designed and implemented. The information provided by the dashboard can be used by local, regional and national policy makers as well as agricultural and environmental intervention designers operating in the public and private sector."
"The biodiversification procedure is a set of steps guiding farmers and governance actors of orchard farming to design more climate-resilient and water efficient farms. It combines state-of-the-art water and crop models, a multi-objective farm system assessment tool, Citrig, with good agricultural and water management practices.  It is complementary to Morocco's Green Generation Strategy, especially to the Conservation Agriculture Plan and contributes to national climate adaptation efforts of the Moroccan government.",Biodiversification as a climate-resilient and water-efficient strategy for orchard farmers in Morocco and Tunisia to benefit rural and peri-urban residents,3949,13020,-1,"Biodiversification as a climate-resilient and water-efficient strategy for orchard farmers in Morocco and Tunisia to benefit rural and peri-urban residents The biodiversification procedure is a set of steps guiding farmers and governance actors of orchard farming to design more climate-resilient and water efficient farms. It combines state-of-the-art water and crop models, a multi-objective farm system assessment tool, Citrig, with good agricultural and water management practices.  It is complementary to Morocco's Green Generation Strategy, especially to the Conservation Agriculture Plan and contributes to national climate adaptation efforts of the Moroccan government."
"The Climate Security Dialogues Dashboard is an interactive tool that collects and analyses online data to display trends about climate security debates in digital spaces. It aims to monitor conversations about climate security to identify the most prevalent and/or relevant topics, actors, places, and events related to these discussions. Analysis draws on innovative research approaches that leverage social media platforms and other digital spaces as proxies for wider public discourse, opinion, and engagement. Currently, the tool features insights from a social media pilot module with historical data from Twitter (currently X), and a News Media module, developed in collaboration with Media Cloud.","Climate Security Dialogues Dashboard for researchers and climate action intervention designers to track the rapidly-evolving discourse on climate security and design and implement more responsive and accurate projects, programs, policies",3851,13013,23,"Climate Security Dialogues Dashboard for researchers and climate action intervention designers to track the rapidly-evolving discourse on climate security and design and implement more responsive and accurate projects, programs, policies The Climate Security Dialogues Dashboard is an interactive tool that collects and analyses online data to display trends about climate security debates in digital spaces. It aims to monitor conversations about climate security to identify the most prevalent and/or relevant topics, actors, places, and events related to these discussions. Analysis draws on innovative research approaches that leverage social media platforms and other digital spaces as proxies for wider public discourse, opinion, and engagement. Currently, the tool features insights from a social media pilot module with historical data from Twitter (currently X), and a News Media module, developed in collaboration with Media Cloud."
"The FRESH initiative is developing an end-to-end approach to increase fruit and vegetable intake and in turn improve diet quality, nutrition and health outcomes while also improving livelihoods, empowering women and youth and mitigating negative environmental impacts. _x000D_
_x000D_
Worldwide intake of fruit and vegetables is too low contributing to poor quality diets and in turn, high prevalence of malnutrition and diet-related non-communicable diseases.​ Key barriers to increasing intake exist include the availability, accessibility, affordability and desirability of fruit and vegetables. The integrated end-to-end approach will address each key barriers by implementing co-located approaches that simultaneously address constraints to increasing the desirability, availability, affordability and accessibility of sustainable, safe and healthy produce and ultimately intake of fruits and vegetables, evaluating these approaches to help build evidence on what works and inform policy and program design.","End-to-End Approach for Increasing fruit and vegetable consumption to improve diet quality, nutrition,and health outcomes; whilst improving livelihoods, empowering women and youth and mitigating negative environmental impacts.",3712,13006,48,"End-to-End Approach for Increasing fruit and vegetable consumption to improve diet quality, nutrition,and health outcomes; whilst improving livelihoods, empowering women and youth and mitigating negative environmental impacts. The FRESH initiative is developing an end-to-end approach to increase fruit and vegetable intake and in turn improve diet quality, nutrition and health outcomes while also improving livelihoods, empowering women and youth and mitigating negative environmental impacts. _x000D_
_x000D_
Worldwide intake of fruit and vegetables is too low contributing to poor quality diets and in turn, high prevalence of malnutrition and diet-related non-communicable diseases.​ Key barriers to increasing intake exist include the availability, accessibility, affordability and desirability of fruit and vegetables. The integrated end-to-end approach will address each key barriers by implementing co-located approaches that simultaneously address constraints to increasing the desirability, availability, affordability and accessibility of sustainable, safe and healthy produce and ultimately intake of fruits and vegetables, evaluating these approaches to help build evidence on what works and inform policy and program design."
"Quality reference genomes are foundational requirement to enable rapid development of genomic resources at scale to support breeders and their germplasm development programs.  While several commodity crops have good reference genomes (due to private funding but with restricted access), many crops in the CGIAR and NARES do not have adequate references. This innovative shared service draws on public-private partnership with Corteva, CGIAR and NARES to develop publicly available reference genomes databases for many non mainstream but critical crops for the global south, i.e. groundnut, cowpea cassava, banana, plantain, yam, common bean, potato, sweet potato and forages.",Publicly available multi-crop reference genomes database,3652,13004,0,"Publicly available multi-crop reference genomes database Quality reference genomes are foundational requirement to enable rapid development of genomic resources at scale to support breeders and their germplasm development programs.  While several commodity crops have good reference genomes (due to private funding but with restricted access), many crops in the CGIAR and NARES do not have adequate references. This innovative shared service draws on public-private partnership with Corteva, CGIAR and NARES to develop publicly available reference genomes databases for many non mainstream but critical crops for the global south, i.e. groundnut, cowpea cassava, banana, plantain, yam, common bean, potato, sweet potato and forages."
"Carbon credits can potentially be used in various ways to improve the livelihoods of smallholder farmers. They may incentivize farmers to switch to crop management practices that reduce the carbon footprint and improve soil health and productivity in the long run. The compensation could be disbursed directly to farmers or be used to improve advisory or community services and cover the cost of inputs. Since their parcels and total land area are relatively small, the monetary value of carbon credits for a farm household is also small. Hence, it is essential for the Measurement, Reporting, and Verification tools to be cost-effective. To address the challenge, we designed a satellite remote sensing-based carbon offset estimation system to help smallholder farmers estimate carbon offsets from conservation agriculture practices using freely available datasets. We tested the proof-of-concept system in Bajío, Mexico. This report describes the data and approaches developed as an early-stage innovation.",ECOSat: A satellite remote sensing-based carbon offset estimation system to help smallholder farmers estimate carbon offset potentials using freely available datasets,3649,13003,1,"ECOSat: A satellite remote sensing-based carbon offset estimation system to help smallholder farmers estimate carbon offset potentials using freely available datasets Carbon credits can potentially be used in various ways to improve the livelihoods of smallholder farmers. They may incentivize farmers to switch to crop management practices that reduce the carbon footprint and improve soil health and productivity in the long run. The compensation could be disbursed directly to farmers or be used to improve advisory or community services and cover the cost of inputs. Since their parcels and total land area are relatively small, the monetary value of carbon credits for a farm household is also small. Hence, it is essential for the Measurement, Reporting, and Verification tools to be cost-effective. To address the challenge, we designed a satellite remote sensing-based carbon offset estimation system to help smallholder farmers estimate carbon offsets from conservation agriculture practices using freely available datasets. We tested the proof-of-concept system in Bajío, Mexico. This report describes the data and approaches developed as an early-stage innovation."
"Modern breeding is a data rich process, and requires data management software designed for the task of generating, tracking, storing and using the information produced by breeding programs for breeding decisions.  Many programs are currently not using a formal data management system; others are using older legacy systems.  With the Enterprise Breeding System becoming available, these programs can now adopt the new software.  Data migration into a new database is a complex process with many idiosyncrasies depending on how a breeding programs has been managing its data before adopting a new system, hence a clear and transparent strategy was needed.  Scope, process, and timelines will be defined so new adopters can quickly get value of the system. An important point of agreement for scope was the definition of a minimal set of operational data that would allow breeders to use the system within a year of beginning adoption.","A data migration strategy for future Enterprise Breeding System users is formalised and allows for quick, efficient adoption of EBS",3607,13001,0,"A data migration strategy for future Enterprise Breeding System users is formalised and allows for quick, efficient adoption of EBS Modern breeding is a data rich process, and requires data management software designed for the task of generating, tracking, storing and using the information produced by breeding programs for breeding decisions.  Many programs are currently not using a formal data management system; others are using older legacy systems.  With the Enterprise Breeding System becoming available, these programs can now adopt the new software.  Data migration into a new database is a complex process with many idiosyncrasies depending on how a breeding programs has been managing its data before adopting a new system, hence a clear and transparent strategy was needed.  Scope, process, and timelines will be defined so new adopters can quickly get value of the system. An important point of agreement for scope was the definition of a minimal set of operational data that would allow breeders to use the system within a year of beginning adoption."
"Research Protocol for agronomic trial in controlled conditions (on-station). Comparing 9 different cropping patterns relevant to the production system of northern Bangladesh. Agronomic data, parameters to assess production costs and benefits, incl. labor requirements, as well as some environmental parameters, are collected. The results from this trial will inform the community of practice, from farmers to scientists and policymakers about the benefits and constraints, advantages and disadvantages of different alternatives to the most common current cropping system.","Agronomic research platform trial comparing diversified cropping patterns in Dinajpur, Bangladesh",3521,12994,-1,"Agronomic research platform trial comparing diversified cropping patterns in Dinajpur, Bangladesh Research Protocol for agronomic trial in controlled conditions (on-station). Comparing 9 different cropping patterns relevant to the production system of northern Bangladesh. Agronomic data, parameters to assess production costs and benefits, incl. labor requirements, as well as some environmental parameters, are collected. The results from this trial will inform the community of practice, from farmers to scientists and policymakers about the benefits and constraints, advantages and disadvantages of different alternatives to the most common current cropping system."
"A package of good agricultural practices (GAP)  developed by FRESH Initiative partner World Vegetable Center was developed for okra and chili pepper production to help smallholder farmers safely intensify production. The GAP package includes training on how to improve vegetable nursery health, the use of organic farm inputs and reduced chemical use, improved irrigation methods, and best practices for insect or pest management. This package of good agricultural practices, when implemented, may increase vegetable farmers' yields while reducing overall input costs and minimize health risks due to pesticide exposure.",Improved Agricultural Practices for Smallholder Vegetable Farmers in Benin,3485,12988,-1,"Improved Agricultural Practices for Smallholder Vegetable Farmers in Benin A package of good agricultural practices (GAP)  developed by FRESH Initiative partner World Vegetable Center was developed for okra and chili pepper production to help smallholder farmers safely intensify production. The GAP package includes training on how to improve vegetable nursery health, the use of organic farm inputs and reduced chemical use, improved irrigation methods, and best practices for insect or pest management. This package of good agricultural practices, when implemented, may increase vegetable farmers' yields while reducing overall input costs and minimize health risks due to pesticide exposure."
"Evidence on the cost-effectiveness and distributionof benefits of investments in infrastructure (e.g. handwashing stations) for the reduction of zoonotic disease transmission and improvement of food safety, at key value chain nodes (e.g. slaughterhouses), and identification of appropriate financing (e.g. public vs. private).","Evidence on the cost-effectiveness and benefits distribution of investments in infrastructure at value chain nodes for the reduction of zoonotic transmission, improvement of food safety, and identification of appropriate financing",3426,12960,11,"Evidence on the cost-effectiveness and benefits distribution of investments in infrastructure at value chain nodes for the reduction of zoonotic transmission, improvement of food safety, and identification of appropriate financing Evidence on the cost-effectiveness and distributionof benefits of investments in infrastructure (e.g. handwashing stations) for the reduction of zoonotic disease transmission and improvement of food safety, at key value chain nodes (e.g. slaughterhouses), and identification of appropriate financing (e.g. public vs. private)."
"Food safety practices in traditional markets are often very poor, due to lack of infrastructure, low knowledge levels, and the absence of incentives. This innovation addresses these gaps by providing food safety training to vendors and offering an opportunity for enrollment in a voluntary food safety grading program. Consumers will be made aware of the program through posters advertising the grading program and signs indicating the food safety grade of participating vendors.",Voluntary food safety grading of vendors in traditional markets,3418,12958,3,"Voluntary food safety grading of vendors in traditional markets Food safety practices in traditional markets are often very poor, due to lack of infrastructure, low knowledge levels, and the absence of incentives. This innovation addresses these gaps by providing food safety training to vendors and offering an opportunity for enrollment in a voluntary food safety grading program. Consumers will be made aware of the program through posters advertising the grading program and signs indicating the food safety grade of participating vendors."
"This innovation assesses the impact of incentives for good hygiene behavior at upstream value chain nodes by integrating a slaughterhouse hygiene inspection into the regular duties of meat inspectors, who assess hygiene standards. Slaughterhouse workers receive performance-based bonuses linked to these inspections, encouraging compliance. Slaughterhouse owners and regulatory authorities oversee implementation, ensuring alignment with food safety regulations and public health goals.",Incentives for adopting best practices in food safety to improve food hygiene and to reduce of zoonotic pathogens exposure in Kenya,3417,12957,-1,"Incentives for adopting best practices in food safety to improve food hygiene and to reduce of zoonotic pathogens exposure in Kenya This innovation assesses the impact of incentives for good hygiene behavior at upstream value chain nodes by integrating a slaughterhouse hygiene inspection into the regular duties of meat inspectors, who assess hygiene standards. Slaughterhouse workers receive performance-based bonuses linked to these inspections, encouraging compliance. Slaughterhouse owners and regulatory authorities oversee implementation, ensuring alignment with food safety regulations and public health goals."
